day_of_week,0,1,2,3,4,5,6,7,8,9,10,11,12,13,14,15,16,17,18,19,20,21,22,23
Monday,0,0,0,0,1.0,1.0,87.0,79.0,93.0,83.0,120.0,106.0,131.0,87.5,135.5,119.0,132.0,139.5,162.0,159.0,138.0,67.0,0.0,1.0
Tuesday,0,0,0,0,1.0,1.0,95.0,97.0,103.0,101.0,131.5,108.0,123.5,82.5,111.0,111.0,136.0,181.0,192.5,167.5,136.5,62.0,1.0,1.0
Wednesday,0,0,0,0,1.0,1.0,107.0,102.0,112.0,97.0,123.0,96.0,122.0,78.0,100.0,111.0,144.5,163.0,196.0,147.5,116.0,53.0,0.0,1.0
Thursday,0,0,0,0,1.0,1.0,87.0,94.0,90.0,80.0,107.5,93.0,112.0,76.0,99.0,88.0,113.0,115.0,135.0,123.0,102.0,54.0,1.0,1.0
Friday,0,0,0,0,1.0,1.0,85.5,84.5,111.0,105.5,127.0,113.0,119.5,97.0,112.0,113.0,146.0,166.0,127.0,102.5,72.0,31.5,1.0,1.0
Saturday,0,0,0,0,1.0,1.0,39.0,52.0,88.0,112.5,154.0,159.0,134.0,86.0,99.0,79.0,85.0,81.0,67.0,42.0,36.0,14.5,1.0,1.0
Sunday,0,0,0,0,1.0,1.0,35.0,47.5,70.0,95.0,124.0,123.0,112.5,80.0,104.0,112.5,123.0,124.0,120.0,91.0,80.0,45.5,0.5,1.0
